Code,Name,Executive
400,Metro Atlanta,1
401,Alabama,1
402,Baltimore,1
403,Bay Area,3
404,Massachusetts,1
405,Chicago-Northwest Indiana,2
406,Dallas-Fort Worth,4
407,Connecticut,1
408,Detroit,2
409,Colorado,3
410,D.C. Region,4
411,Greater New Orleans - Louisiana Delta,2
412,Indianapolis,2
413,Houston,4
414,Jacksonville,1
415,Kansas City,2
416,Las Vegas Valley,3
417,Los Angeles,3
418,Milwaukee,2
419,Miami-Dade,1
420,Twin Cities,2
421,Greater Nashville,4
422,New Jersey,4
423,New York,4
424,Greater Philadelphia,4
426,Delaware,4
427,Phoenix,3
428,California Capital Valley,3
429,Washington,3
430,San Antonio,4
431,St. Louis,2
432,Hawai'i,3
433,Greater Tulsa,2
434,Memphis,4
435,Mississippi,2
436,New Mexico,3
437,Eastern North Carolina,1
438,Charlotte,1
439,Rhode Island,1
440,Rio Grande Valley,4
441,South Dakota,3
442,South Louisiana,2
443,South Carolina,1
444,Appalachia,4
445,Southwest Ohio,2
446,Northeast Ohio - Cleveland,2
447,San Diego,3
448,Buffalo,4
449,Arkansas,2
450,North Carolina Piedmont Triad,1
452,Idaho,3
453,Orlando,1
454,Oklahoma City,2
