Name,Details
100Kin10,TBD
Aguila Youth Leadership,TBD
Beyond Z,TBD
Braven,TBD
Breathe For Change,TBD
Center For Supportive School,TBD
Code Interactive,TBD
DC Partner - Charter Board Partners,TBD
DC Partner - Ed Forward,TBD
DC Partner - Ed Fuel,TBD
DC Partner - Enriched Schools,TBD
DC Partner - School Justice Project,TBD
DC Partner - Teach to Lead,TBD
DC Partner - Teaching Lab,TBD
Edthena,TBD
Education Opens Doors,TBD
education pioneers,TBD
Elected Leadership,TBD
EMC Education,TBD
Emerge,TBD
Kinvolved,TBD
Leadership Development and Design,TBD
Leadership for Educational Equity,TBD
LEE,TBD
LMU,TBD
New York City Urban Debate League,TBD
Ny On Tech,TBD
NY Partner - 100Kin10,TBD
NY Partner - Braven,TBD
NY Partner - Broadway For All,TBD
NY Partner - COOP,TBD
NY Partner - Education Pioneers,TBD
NY Partner - Kinvolved,TBD
NY Partner - Practice Makes Perfect,TBD
NY Partner - Rescuing Leftover Cuisine,TBD
NY Partner - Schools That Can,TBD
NY Partner - Teaching Lab,TBD
NY Partner - Teachly,TBD
NY Partner - Urban Debate League,TBD
NY Partner_Breathe For Change,TBD
NY Partner_New York on Tech,TBD
NY Partner_Rescuing Leftover Cuisine,TBD
NY Regional Board of Directors,TBD
Practice Makes Perfect,TBD
Schools that Can,TBD
SSN- Student Success Network,TBD
SSN-NYC,TBD
Teach For All,TBD
Teach For America,TBD
UNCF,TBD
Youth Leadership Institute,TBD
